Term,Coefficient
Intercept,0.6301315884801553
x1,1.8195556587375923
x2,-0.8556210242841503
x3,-0.5550340734651216
x1^2,-1.0059800437634068
x1 x2,1.996447419562431
x1 x3,-0.02083801612012106
x2^2,0.11399019984683377
x2 x3,0.42597698062121275
x3^2,-0.18909708420397212
x1^3,0.3840668087030127
x1^2 x2,-1.5521106690222397
x1^2 x3,0.3719883680300918
x1 x2^2,-0.7224588658334182
x1 x2 x3,0.0010061858377364069
x1 x3^2,-1.2731133398930337
x2^3,0.21308234482250502
x2^2 x3,0.30480522790139836
x2 x3^2,0.47875815889691653
x3^3,0.023328465587636345
x1^4,0.2178288383005716
x1^3 x2,1.5979221143519584
x1^3 x3,1.6330377292362015
x1^2 x2^2,0.03877629421957644
x1^2 x2 x3,0.4211834544172359
x1^2 x3^2,1.3824481702999731
x1 x2^3,-0.4961712074974575
x1 x2^2 x3,-0.6223756068833126
x1 x2 x3^2,0.1539688131440102
x1 x3^3,-0.8293624159462677
x2^4,1.37201591750467
x2^3 x3,0.27502762199950853
x2^2 x3^2,-1.3663399552729028
x2 x3^3,0.5826750063738584
x3^4,-0.4910520705295823
x1^5,0.5241303793323518
x1^4 x2,-0.025492558546650914
x1^4 x3,0.3176006497119853
x1^3 x2^2,-1.1884298530769255
x1^3 x2 x3,1.2131189685403716
x1^3 x3^2,-0.2178662873722332
x1^2 x2^3,-0.7808109674695862
x1^2 x2^2 x3,0.22313208469842088
x1^2 x2 x3^2,-0.8916756260998765
x1^2 x3^3,-0.4381782842996495
x1 x2^4,-0.8838561779443844
x1 x2^3 x3,-0.3001166629424062
x1 x2^2 x3^2,1.3661862025757552
x1 x2 x3^3,-0.0021681852007724815
x1 x3^4,-0.48705387021989555
x2^5,0.6168791003501781
x2^4 x3,0.002834757371397494
x2^3 x3^2,2.0821983925784333
x2^2 x3^3,2.5754278738779663
x2 x3^4,1.2074858902418137
x3^5,0.21532993817155802
x1^6,0.5985689314212717
x1^5 x2,0.04682961705851853
x1^5 x3,0.6876659561420123
x1^4 x2^2,0.33917977518013187
x1^4 x2 x3,-0.03722884563676769
x1^4 x3^2,1.5051876413749554
x1^3 x2^3,0.9187814502851038
x1^3 x2^2 x3,0.44206745749817206
x1^3 x2 x3^2,-0.03212796274763872
x1^3 x3^3,0.9952865308398487
x1^2 x2^4,-0.001545817877793902
x1^2 x2^3 x3,-0.08079449209358425
x1^2 x2^2 x3^2,-0.10571771049809761
x1^2 x2 x3^3,-0.017849127144003843
x1^2 x3^4,0.8536162518175242
x1 x2^5,-0.057492638181099225
x1 x2^4 x3,-0.8600771881742585
x1 x2^3 x3^2,-0.28217422317137886
x1 x2^2 x3^3,-0.3829304730110973
x1 x2 x3^4,0.5301009015619284
x1 x3^5,-0.5564726882152234
x2^6,1.3278564968291324
x2^5 x3,-0.2916065721007564
x2^4 x3^2,-0.23326203712519603
x2^3 x3^3,0.13124332330868185
x2^2 x3^4,-0.20191527514438826
x2 x3^5,0.37092404927410666
x3^6,-0.51468797187893
x1^7,0.616844356550015
x1^6 x2,0.33826736153644943
x1^6 x3,0.0941277780796848
x1^5 x2^2,-0.070504902731665
x1^5 x2 x3,1.6632976876972527
x1^5 x3^2,-0.0034113945888740965
x1^4 x2^3,-0.010034932295729285
x1^4 x2^2 x3,0.5972892403282581
x1^4 x2 x3^2,-0.5519125578116177
x1^4 x3^3,-0.6492538805134243
x1^3 x2^4,-1.1195317420658442
x1^3 x2^3 x3,0.43988826145710624
x1^3 x2^2 x3^2,0.1889077996583918
x1^3 x2 x3^3,0.029260407078606665
x1^3 x3^4,0.3408984283448853
x1^2 x2^5,-0.02427369088099094
x1^2 x2^4 x3,-0.4085948044037152
x1^2 x2^3 x3^2,-1.3812883242637992
x1^2 x2^2 x3^3,0.8797385157897328
x1^2 x2 x3^4,0.20705826778364522
x1^2 x3^5,-0.47151785689504466
x1 x2^6,-0.26812000933481045
x1 x2^5 x3,-0.12019459828372968
x1 x2^4 x3^2,0.9407687176659321
x1 x2^3 x3^3,0.0015908542999770008
x1 x2^2 x3^4,0.2590768067550426
x1 x2 x3^5,-0.06150653114373019
x1 x3^6,-0.2989036340568869
x2^7,0.8165006855754701
x2^6 x3,-0.1296912313385736
x2^5 x3^2,1.2827129040979153
x2^4 x3^3,1.9503907875454614
x2^3 x3^4,1.2353332334674514
x2^2 x3^5,1.4154594482874792
x2 x3^6,1.130282347925493
x3^7,0.586322230786699
x1^8,0.23952656335090863
x1^7 x2,-0.5154178501489254
x1^7 x3,0.0036897509432417767
x1^6 x2^2,1.0517562234635254
x1^6 x2 x3,-0.5148287116233933
x1^6 x3^2,1.027732468237351
x1^5 x2^3,0.2060712277070492
x1^5 x2^2 x3,0.48045006872220863
x1^5 x2 x3^2,-0.5884123117251107
x1^5 x3^3,0.04445203824796915
x1^4 x2^4,-0.04831303615436874
x1^4 x2^3 x3,-0.05530265692071344
x1^4 x2^2 x3^2,-0.004689225317420012
x1^4 x2 x3^3,-0.1646871836200566
x1^4 x3^4,1.188588011724219
x1^3 x2^5,0.8471436240764031
x1^3 x2^4 x3,-0.022386514934486224
x1^3 x2^3 x3^2,0.14206625748083232
x1^3 x2^2 x3^3,-0.02235654209122457
x1^3 x2 x3^4,0.5657900973040965
x1^3 x3^5,0.531860219303771
x1^2 x2^6,-0.18576638752898006
x1^2 x2^5 x3,-0.6851294751499876
x1^2 x2^4 x3^2,0.001659299029687771
x1^2 x2^3 x3^3,0.0007583056992536304
x1^2 x2^2 x3^4,-0.08260839507885719
x1^2 x2 x3^5,0.030778461806724704
x1^2 x3^6,0.5063580652803057
x1 x2^7,-0.001794534513549416
x1 x2^6 x3,-0.8273201459072963
x1 x2^5 x3^2,0.002808592291845278
x1 x2^4 x3^3,0.20326889595507783
x1 x2^3 x3^4,-0.18867333047926144
x1 x2^2 x3^5,-0.1414127645123326
x1 x2 x3^6,0.6084015750750916
x1 x3^7,-0.08189906288627971
x2^8,1.0108420203416584
x2^7 x3,-0.7715507599498521
x2^6 x3^2,-0.08284013342232312
x2^5 x3^3,-0.00021491442167829829
x2^4 x3^4,-0.014409116981542854
x2^3 x3^5,0.04584505417109506
x2^2 x3^6,-0.18184765511720674
x2 x3^7,0.16815953412701976
x3^8,-0.3962448630490921
x1^9,0.6037937199925677
x1^8 x2,0.976435603231547
x1^8 x3,0.11602006249968322
x1^7 x2^2,-0.009645834918177857
x1^7 x2 x3,1.6319240095128777
x1^7 x3^2,0.05904626086066874
x1^6 x2^3,0.31713980760783744
x1^6 x2^2 x3,-0.037674782707645314
x1^6 x2 x3^2,-0.4048218151523017
x1^6 x3^3,-0.5504128498690805
x1^5 x2^4,-0.49127090881944313
x1^5 x2^3 x3,0.005076298931649239
x1^5 x2^2 x3^2,-0.2976875090956555
x1^5 x2 x3^3,0.2578037919494391
x1^5 x3^4,0.5523480091051747
x1^4 x2^5,0.0
x1^4 x2^4 x3,-0.032695007440588945
x1^4 x2^3 x3^2,-0.968369783301248
x1^4 x2^2 x3^3,0.12956124844142053
x1^4 x2 x3^4,1.001211982734762
x1^4 x3^5,-0.47953064449457966
x1^3 x2^6,-0.5101788358635334
x1^3 x2^5 x3,-0.018664613942037295
x1^3 x2^4 x3^2,0.7835833511918184
x1^3 x2^3 x3^3,0.006320836882364314
x1^3 x2^2 x3^4,0.10784647885880373
x1^3 x2 x3^5,0.0033368125347467944
x1^3 x3^6,-0.0001506962909380157
x1^2 x2^7,0.18640590155015607
x1^2 x2^6 x3,-0.016289399227327313
x1^2 x2^5 x3^2,-0.23614470565339055
x1^2 x2^4 x3^3,0.18425304264592984
x1^2 x2^3 x3^4,-0.7983354916556057
x1^2 x2^2 x3^5,0.6100557863495163
x1^2 x2 x3^6,1.1438524470001703
x1^2 x3^7,-0.25492934535841355
x1 x2^8,-0.007766572393762334
x1 x2^7 x3,-0.6870958463359788
x1 x2^6 x3^2,0.7498972202780821
x1 x2^5 x3^3,-0.008719306645814153
x1 x2^4 x3^4,-0.1219616636887898
x1 x2^3 x3^5,-0.40029247557575354
x1 x2^2 x3^6,-0.11402566563122614
x1 x2 x3^7,0.0
x1 x3^8,-0.5488914685105389
x2^9,0.9446290772765351
x2^8 x3,-0.5846736940543663
x2^7 x3^2,0.7859211789278957
x2^6 x3^3,0.6279540813988954
x2^5 x3^4,-0.0038912598222281456
x2^4 x3^5,0.02569984102619982
x2^3 x3^6,0.13325964225801668
x2^2 x3^7,0.28123506040337065
x2 x3^8,0.6088365382156647
x3^9,0.7037123821008543
x1^10,6.210294038726824e-05
x1^9 x2,-0.6986514702243786
x1^9 x3,0.0006023280612369821
x1^8 x2^2,1.2875150257137142
x1^8 x2 x3,-0.6842031628894248
x1^8 x3^2,0.23782129382551787
x1^7 x2^3,0.2623434965673726
x1^7 x2^2 x3,0.46462004694515274
x1^7 x2 x3^2,-0.5219759519202904
x1^7 x3^3,-0.010506439122113869
x1^6 x2^4,-0.04925652316433285
x1^6 x2^3 x3,-0.06276703637487628
x1^6 x2^2 x3^2,0.426925394534069
x1^6 x2 x3^3,-0.6768389803099268
x1^6 x3^4,1.0662749839132524
x1^5 x2^5,0.019645337885683702
x1^5 x2^4 x3,-0.19067331557371955
x1^5 x2^3 x3^2,0.3551696576983693
x1^5 x2^2 x3^3,-0.12677887372259278
x1^5 x2 x3^4,0.3603479070714386
x1^5 x3^5,-0.006504186812389662
x1^4 x2^6,-0.5688031239991301
x1^4 x2^5 x3,-0.855520110412598
x1^4 x2^4 x3^2,-0.014140470856221717
x1^4 x2^3 x3^3,0.09820462453588734
x1^4 x2^2 x3^4,0.07079659326695666
x1^4 x2 x3^5,-0.029154844451126958
x1^4 x3^6,0.8116965539859441
x1^3 x2^7,0.6682359746092147
x1^3 x2^6 x3,-0.0
x1^3 x2^5 x3^2,1.0037929467192537
x1^3 x2^4 x3^3,-0.26279351164955705
x1^3 x2^3 x3^4,-0.016209876093345343
x1^3 x2^2 x3^5,-0.003221696050843006
x1^3 x2 x3^6,0.2217371112381467
x1^3 x3^7,0.3505886990388085
x1^2 x2^8,-0.566521005418806
x1^2 x2^7 x3,-0.6546929034800933
x1^2 x2^6 x3^2,-0.04758930791191557
x1^2 x2^5 x3^3,0.021490291678561195
x1^2 x2^4 x3^4,0.24296562000275546
x1^2 x2^3 x3^5,0.0863276482410384
x1^2 x2^2 x3^6,0.006926337922418875
x1^2 x2 x3^7,0.13525327266952974
x1^2 x3^8,0.2609907909712196
x1 x2^9,0.08623263051667414
x1 x2^8 x3,-0.10692113472120693
x1 x2^7 x3^2,0.11886808755837551
x1 x2^6 x3^3,0.39818971520586893
x1 x2^5 x3^4,-0.019943435627293955
x1 x2^4 x3^5,0.0758166761629829
x1 x2^3 x3^6,-0.5870138931653717
x1 x2^2 x3^7,-0.21058049448739513
x1 x2 x3^8,0.4995236438941733
x1 x3^9,-0.0014560910661392168
x2^10,0.6028653383530427
x2^9 x3,-0.8453695700883121
x2^8 x3^2,-0.06838979586048448
x2^7 x3^3,-0.0002690739207057837
x2^6 x3^4,-0.23763007939240863
x2^5 x3^5,0.08444977555644297
x2^4 x3^6,-0.11788145887844646
x2^3 x3^7,-0.0
x2^2 x3^8,-0.2731555797178843
x2 x3^9,0.0
x3^10,-0.2605275529702642
x1^11,0.5330893417110302
x1^10 x2,1.4566983243784501
x1^10 x3,0.36754832013690597
x1^9 x2^2,-0.3897813323794196
x1^9 x2 x3,1.3860436988144063
x1^9 x3^2,0.3786406998347207
x1^8 x2^3,0.9539184927580979
x1^8 x2^2 x3,-1.2150434242946657
x1^8 x2 x3^2,-0.30377192542138337
x1^8 x3^3,-0.1999212233055433
x1^7 x2^4,-0.8160284594610698
x1^7 x2^3 x3,-0.16256082176400288
x1^7 x2^2 x3^2,-1.21118226842305
x1^7 x2 x3^3,-0.0008942993395504512
x1^7 x3^4,0.6865075731154734
x1^6 x2^5,0.31838469364574473
x1^6 x2^4 x3,-1.3813826352165324
x1^6 x2^3 x3^2,-0.33915586445042983
x1^6 x2^2 x3^3,-1.1218199761174303
x1^6 x2 x3^4,1.4955995637032737
x1^6 x3^5,-0.26819792480894067
x1^5 x2^6,-0.3393428586780007
x1^5 x2^5 x3,-0.6787473517619226
x1^5 x2^4 x3^2,-0.03201700388181964
x1^5 x2^3 x3^3,-0.7279274957835061
x1^5 x2^2 x3^4,-0.7072464893532846
x1^5 x2 x3^5,-0.01601971597293769
x1^5 x3^6,0.0011165452011146215
x1^4 x2^7,0.030583840858679507
x1^4 x2^6 x3,0.006050990419998693
x1^4 x2^5 x3^2,0.062435735650256396
x1^4 x2^4 x3^3,-0.3522917808353198
x1^4 x2^3 x3^4,0.04572541707411601
x1^4 x2^2 x3^5,0.25515363285398934
x1^4 x2 x3^6,2.321889318107127
x1^4 x3^7,-0.15385249817038862
x1^3 x2^8,-0.003470030861806253
x1^3 x2^7 x3,-0.9310150498222735
x1^3 x2^6 x3^2,0.6594103585181831
x1^3 x2^5 x3^3,-0.012958972572713166
x1^3 x2^4 x3^4,0.356548196869884
x1^3 x2^3 x3^5,-0.511163456278144
x1^3 x2^2 x3^6,-0.012222734911201462
x1^3 x2 x3^7,-0.011714666944841138
x1^3 x3^8,-1.0137170720867514
x1^2 x2^9,0.7289446572896119
x1^2 x2^8 x3,0.711123667121351
x1^2 x2^7 x3^2,0.7161882078911254
x1^2 x2^6 x3^3,0.6872358156876225
x1^2 x2^5 x3^4,-0.3481896239093611
x1^2 x2^4 x3^5,0.14688473010295428
x1^2 x2^3 x3^6,-0.43448225153049275
x1^2 x2^2 x3^7,0.534815010605675
x1^2 x2 x3^8,1.4838600177342705
x1^2 x3^9,-0.26272974783621017
x1 x2^10,0.00808815395263678
x1 x2^9 x3,-1.6585200646776606
x1 x2^8 x3^2,0.5276879123668854
x1 x2^7 x3^3,-0.3825738448435519
x1 x2^6 x3^4,-0.8444613632206848
x1 x2^5 x3^5,-0.9202761185841237
x1 x2^4 x3^6,-1.7246454558597526
x1 x2^3 x3^7,-0.31591131928513505
x1 x2^2 x3^8,-0.49041039492542804
x1 x2 x3^9,0.0
x1 x3^10,-0.9897449538399006
x2^11,1.0443673109041656
x2^10 x3,-0.9161244449713694
x2^9 x3^2,0.6510227833405862
x2^8 x3^3,0.05250767542453136
x2^7 x3^4,-0.6797155695128555
x2^6 x3^5,-1.2095380873610924
x2^5 x3^6,-1.3253812796874869
x2^4 x3^7,-1.029446297654935
x2^3 x3^8,-0.39989757328688613
x2^2 x3^9,-0.15111794479425442
x2 x3^10,-0.00026642979978640604
x3^11,0.6108209025517403
x1^12,-0.4828754177354714
x1^11 x2,-0.5838879641139191
x1^11 x3,-0.41734438885542896
x1^10 x2^2,1.198997766833
x1^10 x2 x3,-0.4226207364989857
x1^10 x3^2,0.00019802635212102715
x1^9 x2^3,0.8029850136130079
x1^9 x2^2 x3,0.4160694454706931
x1^9 x2 x3^2,-0.16406257502668348
x1^9 x3^3,-0.43847969629840333
x1^8 x2^4,-0.00913443061347689
x1^8 x2^3 x3,0.0012630210746619203
x1^8 x2^2 x3^2,0.5050471628366324
x1^8 x2 x3^3,-0.8955577908393473
x1^8 x3^4,0.6694438507424453
x1^7 x2^5,0.024470369867657424
x1^7 x2^4 x3,-0.3360900444740772
x1^7 x2^3 x3^2,1.095670232077519
x1^7 x2^2 x3^3,-0.13641669234368148
x1^7 x2 x3^4,1.0233055155449329
x1^7 x3^5,-0.1848230381876423
x1^6 x2^6,-0.36977682042066534
x1^6 x2^5 x3,-0.8498674054377907
x1^6 x2^4 x3^2,0.031216205485801812
x1^6 x2^3 x3^3,0.22890297179853666
x1^6 x2^2 x3^4,0.046815486263440884
x1^6 x2 x3^5,-0.6131001568943717
x1^6 x3^6,0.782130008080501
x1^5 x2^7,-0.23105385806446396
x1^5 x2^6 x3,-0.31214067584060207
x1^5 x2^5 x3^2,0.9596517637008184
x1^5 x2^4 x3^3,-1.4414388954760506
x1^5 x2^3 x3^4,0.07831982238112825
x1^5 x2^2 x3^5,-0.05873439464937169
x1^5 x2 x3^6,0.041303647051099075
x1^5 x3^7,0.011776161244262043
x1^4 x2^8,-0.7278976521217758
x1^4 x2^7 x3,-0.9172751749737336
x1^4 x2^6 x3^2,-0.31039008564020215
x1^4 x2^5 x3^3,0.2209497016498198
x1^4 x2^4 x3^4,0.029195704191189557
x1^4 x2^3 x3^5,0.17430588925585652
x1^4 x2^2 x3^6,0.0416344014449396
x1^4 x2 x3^7,-0.14763493577044354
x1^4 x3^8,0.4338792174304428
x1^3 x2^9,0.539091308297043
x1^3 x2^8 x3,0.1532489429230691
x1^3 x2^7 x3^2,1.4692198747970222
x1^3 x2^6 x3^3,-0.4955546263363891
x1^3 x2^5 x3^4,0.1830286977736638
x1^3 x2^4 x3^5,-0.7049657439464649
x1^3 x2^3 x3^6,-1.0515246848235316
x1^3 x2^2 x3^7,-0.0771403025133838
x1^3 x2 x3^8,0.014114130244786662
x1^3 x3^9,0.5578450364449711
x1^2 x2^10,-0.8605936166745997
x1^2 x2^9 x3,-0.09605385940934487
x1^2 x2^8 x3^2,-0.3904774764308498
x1^2 x2^7 x3^3,0.23187478197883285
x1^2 x2^6 x3^4,0.01241487322125167
x1^2 x2^5 x3^5,0.1088378823521427
x1^2 x2^4 x3^6,1.2715755057432079
x1^2 x2^3 x3^7,0.0024218619790706726
x1^2 x2^2 x3^8,0.4099937353474187
x1^2 x2 x3^9,0.03112211152321869
x1^2 x3^10,0.05478077589810425
x1 x2^11,0.24793418697796604
x1 x2^10 x3,-0.00038667715231797793
x1 x2^9 x3^2,0.4546197711109919
x1 x2^8 x3^3,1.036534980391523
x1 x2^7 x3^4,0.04691933934785165
x1 x2^6 x3^5,-0.007295988196959808
x1 x2^5 x3^6,-0.1429064951936642
x1 x2^4 x3^7,0.00012775640097775577
x1 x2^3 x3^8,-1.1275967549068358
x1 x2^2 x3^9,-0.15025392534884266
x1 x2 x3^10,0.37503601188149593
x1 x3^11,0.7279142655767571
x2^12,0.197491536843959
x2^11 x3,-0.6948381291843565
x2^10 x3^2,-0.38722884479588615
x2^9 x3^3,0.0066600260167312365
x2^8 x3^4,-0.7654100819979833
x2^7 x3^5,0.18033126344632183
x2^6 x3^6,-0.6274491712069296
x2^5 x3^7,-0.010009872866135854
x2^4 x3^8,-0.23864553380100345
x2^3 x3^9,-0.13956690244270623
x2^2 x3^10,-0.373458265792114
x2 x3^11,-0.04954899922009561
x3^12,-0.1535209301424425
