degree,lambda1,lambda2,cv_rmse
1,0.1,1.0,6.327400833522045
1,0.1,1.25,6.327383261438454
1,0.1,1.5,6.327365937088047
1,0.1,1.75,6.3273488600178
1,0.1,2.0,6.327332029775508
1,0.1,2.5,6.327299107970023
1,0.1,3.0,6.327267168070187
1,0.15,1.0,6.327400960242676
1,0.15,1.25,6.32738339635334
1,0.15,1.5,6.327366080186885
1,0.15,1.75,6.327349011290304
1,0.15,2.0,6.3273321892114
1,0.15,2.5,6.327299283701924
1,0.15,3.0,6.3272673600571645
1,0.2,1.0,6.327401087428821
1,0.2,1.25,6.327383531733449
1,0.2,1.5,6.327366223750657
1,0.2,1.75,6.327349163027448
1,0.2,2.0,6.3273323491116455
1,0.2,2.5,6.327299459897602
1,0.2,3.0,6.327267552507337
1,0.25,1.0,6.32740121508048
1,0.25,1.25,6.327383667578781
1,0.25,1.5,6.32736636777936
1,0.25,1.75,6.327349315229237
1,0.25,2.0,6.3273325094762445
1,0.25,2.5,6.3272996365570515
1,0.25,3.0,6.3272677454207065
1,0.3,1.0,6.327401343197651
1,0.3,1.25,6.327383803889336
1,0.3,1.5,6.327366512272998
1,0.3,1.75,6.32734946789567
1,0.3,2.0,6.327332670305196
1,0.3,2.5,6.327299813680277
1,0.3,3.0,6.327267938797272
1,0.4,1.0,6.327401600828536
1,0.4,1.25,6.327384077906115
1,0.4,1.5,6.327366802655071
1,0.4,1.75,6.32734977462246
1,0.4,2.0,6.327332993356159
1,0.4,2.5,6.32730016931805
1,0.4,3.0,6.3272683269399925
1,0.5,1.0,6.327401860321474
1,0.5,1.25,6.3273843537837875
1,0.5,1.5,6.327367094896876
1,0.5,1.75,6.327350083207824
1,0.5,2.0,6.327333318264535
1,0.5,2.5,6.32730052681092
1,0.5,3.0,6.327268716935498
2,0.1,1.0,4.942037537837204
2,0.1,1.25,4.942038133642442
2,0.1,1.5,4.942039395588537
2,0.1,1.75,4.942041322340687
2,0.1,2.0,4.942043912566513
2,0.1,2.5,4.942051078121771
2,0.1,3.0,4.942060881643588
2,0.15,1.0,4.942038377042053
2,0.15,1.25,4.942039001916154
2,0.15,1.5,4.9420402928916385
2,0.15,1.75,4.942042248633755
2,0.15,2.0,4.942044867810173
2,0.15,2.5,4.9420520911486845
2,0.15,3.0,4.9420619522968385
2,0.2,1.0,4.942039218137258
2,0.2,1.25,4.942039872078972
2,0.2,1.5,4.9420411920826
2,0.2,1.75,4.942043176813437
2,0.2,2.0,4.9420458249392
2,0.2,2.5,4.942053106058474
2,0.2,3.0,4.9420630248304755
2,0.25,1.0,4.942040061122818
2,0.25,1.25,4.942040744130897
2,0.25,1.5,4.94204209316142
2,0.25,1.75,4.942044106879728
2,0.25,2.0,4.942046783953591
2,0.25,2.5,4.942054122851137
2,0.25,3.0,4.942064099244498
2,0.3,1.0,4.9420409059987325
2,0.3,1.25,4.942041618071928
2,0.3,1.5,4.942042996128098
2,0.3,1.75,4.942045038832632
2,0.3,2.0,4.942047744853347
2,0.3,2.5,4.942055141526672
2,0.3,3.0,4.942065175538904
2,0.4,1.0,4.94204260142162
2,0.4,1.25,4.9420433716213035
2,0.4,1.5,4.942044807725022
2,0.4,1.75,4.9420469083982645
2,0.4,2.0,4.942049672308944
2,0.4,2.5,4.942057184526357
2,0.4,3.0,4.942067333768864
2,0.5,1.0,4.942044304405912
2,0.5,1.25,4.942045132727089
2,0.5,1.5,4.942046626873364
2,0.5,1.75,4.942048785510327
2,0.5,2.0,4.942051607305984
2,0.5,2.5,4.942059235057518
2,0.5,3.0,4.942069499520345
3,0.1,1.0,3.5179050984811586
3,0.1,1.25,3.5177976253242087
3,0.1,1.5,3.517711160855318
3,0.1,1.75,3.5176516775656888
3,0.1,2.0,3.5176186097402535
3,0.1,2.5,3.517620853864839
3,0.1,3.0,3.5177165911343544
3,0.15,1.0,3.51790195124118
3,0.15,1.25,3.517795333346416
3,0.15,1.5,3.5177097074999955
3,0.15,1.75,3.5176510432535206
3,0.15,2.0,3.5176187769659437
3,0.15,2.5,3.5176225686613445
3,0.15,3.0,3.517719788985906
3,0.2,1.0,3.5178997090909845
3,0.2,1.25,3.517793075919486
3,0.2,1.5,3.517708288355209
3,0.2,1.75,3.5176504428193995
3,0.2,2.0,3.5176189777375004
3,0.2,2.5,3.517624316365901
3,0.2,3.0,3.5177230191219797
3,0.25,1.0,3.517896631974336
3,0.25,1.25,3.517790853043486
3,0.25,1.5,3.5177069034209993
3,0.25,1.75,3.5176498762633424
3,0.25,2.0,3.517619212054919
3,0.25,2.5,3.5176260969784616
3,0.25,3.0,3.5177262815424863
3,0.3,1.0,3.5178935897539834
3,0.3,1.25,3.5177886647184824
3,0.3,1.5,3.517705552697408
3,0.3,1.75,3.517649343585364
3,0.3,2.0,3.5176194799181912
3,0.3,2.5,3.5176279104989736
3,0.3,3.0,3.517729576247337
3,0.4,1.0,3.517887610002532
3,0.4,1.25,3.5177843917217175
3,0.4,1.5,3.5177029538822335
3,0.4,1.75,3.517648379863709
3,0.4,2.0,3.5176201162822673
3,0.4,2.5,3.5176316362636535
3,0.4,3.0,3.5177362625097044
3,0.5,1.0,3.5178817698373415
3,0.5,1.25,3.517780256929696
3,0.5,1.5,3.5177004919099883
3,0.5,1.75,3.517647551654544
3,0.5,2.0,3.5176208868296577
3,0.5,2.5,3.5176354936595216
3,0.5,3.0,3.517743077908345
4,0.1,1.0,2.0056392074054727
4,0.1,1.25,2.006166894098036
4,0.1,1.5,2.006989174848735
4,0.1,1.75,2.0078335315959626
4,0.1,2.0,2.0087090905176184
4,0.1,2.5,2.010544374035875
4,0.1,3.0,2.012818309341368
4,0.15,1.0,2.0056708504078467
4,0.15,1.25,2.006202380407784
4,0.15,1.5,2.0070320594154967
4,0.15,1.75,2.007833264906556
4,0.15,2.0,2.0087571398757906
4,0.15,2.5,2.010595940285892
4,0.15,3.0,2.012875739971392
4,0.2,1.0,2.0057026963618405
4,0.2,1.25,2.006232237338528
4,0.2,1.5,2.0070724348030575
4,0.2,1.75,2.0078770134233723
4,0.2,2.0,2.008678528079735
4,0.2,2.5,2.0106478240457797
4,0.2,3.0,2.0129336520855
4,0.25,1.0,2.005668490547611
4,0.25,1.25,2.006267334522503
4,0.25,1.5,2.0071132606566984
4,0.25,1.75,2.007923115678383
4,0.25,2.0,2.0087293296465467
4,0.25,2.5,2.010706789509829
4,0.25,3.0,2.0129916159418735
4,0.3,1.0,2.0057008009620256
4,0.3,1.25,2.0063051832227745
4,0.3,1.5,2.007154355077757
4,0.3,1.75,2.007834253492301
4,0.3,2.0,2.008733747206718
4,0.3,2.5,2.010759268670983
4,0.3,3.0,2.013049806102582
4,0.4,1.0,2.0057652524509555
4,0.4,1.25,2.0063755130134275
4,0.4,1.5,2.0071038692980543
4,0.4,1.75,2.0079214595047468
4,0.4,2.0,2.0088270363073817
4,0.4,2.5,2.0108647292948256
4,0.4,3.0,2.0131671694034132
4,0.5,1.0,2.005828961388881
4,0.5,1.25,2.0064465429968537
4,0.5,1.5,2.0071939239507612
4,0.5,1.75,2.008013074879402
4,0.5,2.0,2.008927173590749
4,0.5,2.5,2.0109718739498126
4,0.5,3.0,2.0132849837241333
5,0.1,1.0,1.2737994722789205
5,0.1,1.25,1.2772931699322696
5,0.1,1.5,1.2807733319316696
5,0.1,1.75,1.283954970091619
5,0.1,2.0,1.2876030373347802
5,0.1,2.5,1.2949496927801296
5,0.1,3.0,1.3025529771764364
5,0.15,1.0,1.273970030735104
5,0.15,1.25,1.2772497877711508
5,0.15,1.5,1.280970961266657
5,0.15,1.75,1.28416455629448
5,0.15,2.0,1.2878105196394891
5,0.15,2.5,1.2951846356752068
5,0.15,3.0,1.3027051568705432
5,0.2,1.0,1.274139038794821
5,0.2,1.25,1.2774361401108096
5,0.2,1.5,1.2810140006315824
5,0.2,1.75,1.2843855422035126
5,0.2,2.0,1.2880366565111656
5,0.2,2.5,1.2954167135492438
5,0.2,3.0,1.3030739346597466
5,0.25,1.0,1.2741862701164839
5,0.25,1.25,1.2776314188906723
5,0.25,1.5,1.2812072063912123
5,0.25,1.75,1.28462141226363
5,0.25,2.0,1.288281170052486
5,0.25,2.5,1.2956546424262478
5,0.25,3.0,1.3033523564106473
5,0.3,1.0,1.2743500507886731
5,0.3,1.25,1.2778247067475303
5,0.3,1.5,1.2813564764671233
5,0.3,1.75,1.2848381365867398
5,0.3,2.0,1.288495146928973
5,0.3,2.5,1.2958979558918586
5,0.3,3.0,1.303598017849407
5,0.4,1.0,1.2746716614097133
5,0.4,1.25,1.278204650932204
5,0.4,1.5,1.2819494987920146
5,0.4,1.75,1.2852659524861592
5,0.4,2.0,1.288840682392208
5,0.4,2.5,1.2963992145148022
5,0.4,3.0,1.3040911269504718
5,0.5,1.0,1.2750126953650815
5,0.5,1.25,1.2786148091374585
5,0.5,1.5,1.282177410374911
5,0.5,1.75,1.2856863529689064
5,0.5,2.0,1.2892908786960573
5,0.5,2.5,1.2969614498683852
5,0.5,3.0,1.304604065459854
6,0.1,1.0,0.8190343161204072
6,0.1,1.25,0.8299588986988303
6,0.1,1.5,0.8403880356197937
6,0.1,1.75,0.8502300592959198
6,0.1,2.0,0.8597727442242455
6,0.1,2.5,0.878273482713199
6,0.1,3.0,0.896008781283015
6,0.15,1.0,0.819719213041713
6,0.15,1.25,0.8306894890500571
6,0.15,1.5,0.8410730462676618
6,0.15,1.75,0.8509433146435526
6,0.15,2.0,0.8605023417665278
6,0.15,2.5,0.8790509946202484
6,0.15,3.0,0.8967470044433875
6,0.2,1.0,0.8204233688519085
6,0.2,1.25,0.8313969321972664
6,0.2,1.5,0.8418048544649065
6,0.2,1.75,0.8516590331978777
6,0.2,2.0,0.8612587430146044
6,0.2,2.5,0.87982457637424
6,0.2,3.0,0.8974879040879248
6,0.25,1.0,0.8211219388900874
6,0.25,1.25,0.8320773625939166
6,0.25,1.5,0.8425400773257594
6,0.25,1.75,0.8523789949277651
6,0.25,2.0,0.8620535977709595
6,0.25,2.5,0.880598056621483
6,0.25,3.0,0.8982355727697813
6,0.3,1.0,0.8218314400620486
6,0.3,1.25,0.8327195894887607
6,0.3,1.5,0.8433175352677481
6,0.3,1.75,0.8531209317361802
6,0.3,2.0,0.8628208703977096
6,0.3,2.5,0.8813460007952354
6,0.3,3.0,0.898994856000083
6,0.4,1.0,0.8231806705677489
6,0.4,1.25,0.8341697332026985
6,0.4,1.5,0.8446489307471489
6,0.4,1.75,0.8546116453283852
6,0.4,2.0,0.8643412738176566
6,0.4,2.5,0.8828512608742201
6,0.4,3.0,0.9005019002613855
6,0.5,1.0,0.8245571121588434
6,0.5,1.25,0.8356595680494305
6,0.5,1.5,0.8461582170809856
6,0.5,1.75,0.8561334094872144
6,0.5,2.0,0.8658299475332545
6,0.5,2.5,0.8844005720870343
6,0.5,3.0,0.9020928866377325
7,0.1,1.0,0.6354624336224701
7,0.1,1.25,0.6474933418914012
7,0.1,1.5,0.6588205000566795
7,0.1,1.75,0.669879186612101
7,0.1,2.0,0.6803633235851366
7,0.1,2.5,0.6992704634417116
7,0.1,3.0,0.7155941236417277
7,0.15,1.0,0.6363529254124622
7,0.15,1.25,0.6483768819831526
7,0.15,1.5,0.6595903611191958
7,0.15,1.75,0.6707054968212142
7,0.15,2.0,0.6811402188059454
7,0.15,2.5,0.7000922452238659
7,0.15,3.0,0.7163032025230537
7,0.2,1.0,0.6372572874035604
7,0.2,1.25,0.6492446805082074
7,0.2,1.5,0.6604356158687875
7,0.2,1.75,0.6715558474214227
7,0.2,2.0,0.6819858188972223
7,0.2,2.5,0.7008252552460514
7,0.2,3.0,0.7171517565459179
7,0.25,1.0,0.6382573239919223
7,0.25,1.25,0.6500207984056414
7,0.25,1.5,0.6612487031303703
7,0.25,1.75,0.6723603772562424
7,0.25,2.0,0.6828140028469275
7,0.25,2.5,0.7016102468181042
7,0.25,3.0,0.7180073623330198
7,0.3,1.0,0.6391769836222625
7,0.3,1.25,0.6508121653681807
7,0.3,1.5,0.662110846767976
7,0.3,1.75,0.673173011971738
7,0.3,2.0,0.6836068464035236
7,0.3,2.5,0.702456538290191
7,0.3,3.0,0.7187785306731235
7,0.4,1.0,0.6411041381935069
7,0.4,1.25,0.6526842832577623
7,0.4,1.5,0.6638112197735287
7,0.4,1.75,0.6749330528766233
7,0.4,2.0,0.685260082737281
7,0.4,2.5,0.7041759255211967
7,0.4,3.0,0.7204136629271355
7,0.5,1.0,0.6431033507649846
7,0.5,1.25,0.6548009753150572
7,0.5,1.5,0.6657304359890709
7,0.5,1.75,0.6766275330644148
7,0.5,2.0,0.6870073757675118
7,0.5,2.5,0.7058425987174869
7,0.5,3.0,0.7220210525707778
8,0.1,1.0,0.5648444425982158
8,0.1,1.25,0.5706136755666487
8,0.1,1.5,0.5757601420134618
8,0.1,1.75,0.5805784764488079
8,0.1,2.0,0.5853366096294188
8,0.1,2.5,0.5942602617539291
8,0.1,3.0,0.6029828704201883
8,0.15,1.0,0.5656499653382525
8,0.15,1.25,0.571262838314797
8,0.15,1.5,0.5764402944221741
8,0.15,1.75,0.5813253144555371
8,0.15,2.0,0.5860428129088691
8,0.15,2.5,0.594873348595103
8,0.15,3.0,0.603598081060697
8,0.2,1.0,0.5664037738189395
8,0.2,1.25,0.5718890020914463
8,0.2,1.5,0.5770949751285993
8,0.2,1.75,0.5819593918511692
8,0.2,2.0,0.5867420258093414
8,0.2,2.5,0.5955379842882256
8,0.2,3.0,0.604232520949628
8,0.25,1.0,0.5670550300494882
8,0.25,1.25,0.572561578291963
8,0.25,1.5,0.5776448769472724
8,0.25,1.75,0.5826867625932494
8,0.25,2.0,0.5873394640714847
8,0.25,2.5,0.5961907179086486
8,0.25,3.0,0.6049622704012444
8,0.3,1.0,0.5677223987367971
8,0.3,1.25,0.5730906068368289
8,0.3,1.5,0.5783673260574516
8,0.3,1.75,0.5833314729715713
8,0.3,2.0,0.5879304909189886
8,0.3,2.5,0.5970605667274526
8,0.3,3.0,0.60580383511934
8,0.4,1.0,0.5692532726221385
8,0.4,1.25,0.5745243552690679
8,0.4,1.5,0.5796045365235435
8,0.4,1.75,0.5845090196793961
8,0.4,2.0,0.5892697789427803
8,0.4,2.5,0.5985065562148706
8,0.4,3.0,0.6072445035438497
8,0.5,1.0,0.5705509410188421
8,0.5,1.25,0.5759824045220312
8,0.5,1.5,0.5811168936301521
8,0.5,1.75,0.5860607429401306
8,0.5,2.0,0.5909070955231563
8,0.5,2.5,0.599895587464996
8,0.5,3.0,0.6084713434375559
9,0.1,1.0,0.5293115121863015
9,0.1,1.25,0.5321570993641601
9,0.1,1.5,0.5348643338445981
9,0.1,1.75,0.5374993777759303
9,0.1,2.0,0.5401283352343088
9,0.1,2.5,0.5453576634587096
9,0.1,3.0,0.5504133754172589
9,0.15,1.0,0.529815078467221
9,0.15,1.25,0.5326051373591342
9,0.15,1.5,0.5352877706077355
9,0.15,1.75,0.5380611396690703
9,0.15,2.0,0.5406644001927291
9,0.15,2.5,0.5459557513594335
9,0.15,3.0,0.5510718241920954
9,0.2,1.0,0.5303146279589559
9,0.2,1.25,0.5331484734525287
9,0.2,1.5,0.5360030423955962
9,0.2,1.75,0.5387396668296118
9,0.2,2.0,0.5412948461174273
9,0.2,2.5,0.5466107220786068
9,0.2,3.0,0.5517695350341906
9,0.25,1.0,0.5308251098991976
9,0.25,1.25,0.533880575671455
9,0.25,1.5,0.5365890351368084
9,0.25,1.75,0.5391107125633932
9,0.25,2.0,0.5416339899829802
9,0.25,2.5,0.5472036548396143
9,0.25,3.0,0.5524269312045811
9,0.3,1.0,0.531562130517987
9,0.3,1.25,0.5341705698970192
9,0.3,1.5,0.5369240420297479
9,0.3,1.75,0.5394768996437885
9,0.3,2.0,0.5422241974698956
9,0.3,2.5,0.5479484149951253
9,0.3,3.0,0.5530088767648298
9,0.4,1.0,0.532930924699183
9,0.4,1.25,0.5353448596779737
9,0.4,1.5,0.5379629925933054
9,0.4,1.75,0.5405237110435003
9,0.4,2.0,0.5436537795562948
9,0.4,2.5,0.549279090022742
9,0.4,3.0,0.5544146344329676
9,0.5,1.0,0.5337781213780853
9,0.5,1.25,0.5367197379392944
9,0.5,1.5,0.539499141021555
9,0.5,1.75,0.5421520502813415
9,0.5,2.0,0.5449940331698045
9,0.5,2.5,0.5504687535463358
9,0.5,3.0,0.5556241567050265
10,0.1,1.0,0.5169584192423841
10,0.1,1.25,0.518602000895525
10,0.1,1.5,0.520302627472358
10,0.1,1.75,0.5219558847435997
10,0.1,2.0,0.5235974562999249
10,0.1,2.5,0.5268453097143639
10,0.1,3.0,0.5300930797235934
10,0.15,1.0,0.5173947487801204
10,0.15,1.25,0.5191094778532255
10,0.15,1.5,0.5207824674415888
10,0.15,1.75,0.5224433598012536
10,0.15,2.0,0.5241475405010052
10,0.15,2.5,0.5273514695392031
10,0.15,3.0,0.5306879484708042
10,0.2,1.0,0.517796306291872
10,0.2,1.25,0.5193844274317722
10,0.2,1.5,0.5212597612159275
10,0.2,1.75,0.5230806808305193
10,0.2,2.0,0.5247469646180172
10,0.2,2.5,0.5279904962577604
10,0.2,3.0,0.5311747716025759
10,0.25,1.0,0.5181007341204377
10,0.25,1.25,0.5198613688327024
10,0.25,1.5,0.5217709962936669
10,0.25,1.75,0.5235623626011093
10,0.25,2.0,0.5250226981989664
10,0.25,2.5,0.5283260950182546
10,0.25,3.0,0.531814561091225
10,0.3,1.0,0.5184890875638616
10,0.3,1.25,0.5203401742898967
10,0.3,1.5,0.5223981073074063
10,0.3,1.75,0.5239557851480328
10,0.3,2.0,0.5255782226498723
10,0.3,2.5,0.5290140828072616
10,0.3,3.0,0.5322571113359404
10,0.4,1.0,0.5192328933685184
10,0.4,1.25,0.5212119259808874
10,0.4,1.5,0.5233225438918351
10,0.4,1.75,0.5249754160947955
10,0.4,2.0,0.5269526273940763
10,0.4,2.5,0.5303471005766545
10,0.4,3.0,0.5332541977397859
10,0.5,1.0,0.5206670985932138
10,0.5,1.25,0.5224478896964062
10,0.5,1.5,0.5242599327146228
10,0.5,1.75,0.5262437770946325
10,0.5,2.0,0.527922194608199
10,0.5,2.5,0.531279877415172
10,0.5,3.0,0.5343897028247797
11,0.1,1.0,0.5119029878818244
11,0.1,1.25,0.5117146884487185
11,0.1,1.5,0.5118312597332519
11,0.1,1.75,0.5122490458796274
11,0.1,2.0,0.5129569545622967
11,0.1,2.5,0.5147769910503749
11,0.1,3.0,0.5167563039922624
11,0.15,1.0,0.5114678656944114
11,0.15,1.25,0.5114414307180419
11,0.15,1.5,0.511726242192389
11,0.15,1.75,0.5122642679723758
11,0.15,2.0,0.5131093217594577
11,0.15,2.5,0.5149802926337266
11,0.15,3.0,0.5170403642343377
11,0.2,1.0,0.5110404291943808
11,0.2,1.25,0.5112248918752395
11,0.2,1.5,0.5117594690992597
11,0.2,1.75,0.512512494311072
11,0.2,2.0,0.5133681324220892
11,0.2,2.5,0.5151700731015803
11,0.2,3.0,0.5173557959236728
11,0.25,1.0,0.5109196452521699
11,0.25,1.25,0.5112344604353648
11,0.25,1.5,0.5118260829692314
11,0.25,1.75,0.5125701860802062
11,0.25,2.0,0.5134795871641338
11,0.25,2.5,0.5155506138828303
11,0.25,3.0,0.517840658339515
11,0.3,1.0,0.5109403767566699
11,0.3,1.25,0.5112746314795789
11,0.3,1.5,0.5118033377979812
11,0.3,1.75,0.5126372965000625
11,0.3,2.0,0.5136585682223256
11,0.3,2.5,0.5160581317146339
11,0.3,3.0,0.5182205415804095
11,0.4,1.0,0.511168689567307
11,0.4,1.25,0.5117536944800312
11,0.4,1.5,0.512513424335135
11,0.4,1.75,0.5134897708975399
11,0.4,2.0,0.5145602918639376
11,0.4,2.5,0.5167492477422962
11,0.4,3.0,0.5188468000703105
11,0.5,1.0,0.5122552071464496
11,0.5,1.25,0.5125894862067729
11,0.5,1.5,0.5133945418325765
11,0.5,1.75,0.5143865992720704
11,0.5,2.0,0.5155228144424789
11,0.5,2.5,0.5175374923205058
11,0.5,3.0,0.5197167111148718
12,0.1,1.0,0.5121705867873653
12,0.1,1.25,0.5113905554462659
12,0.1,1.5,0.5110826360836854
12,0.1,1.75,0.511134469403798
12,0.1,2.0,0.5114644945787598
12,0.1,2.5,0.5124376517832975
12,0.1,3.0,0.5137415731402218
12,0.15,1.0,0.5115038856651822
12,0.15,1.25,0.5109223480263461
12,0.15,1.5,0.5108716395554697
12,0.15,1.75,0.5109951887084813
12,0.15,2.0,0.5114042665380998
12,0.15,2.5,0.5124152258001087
12,0.15,3.0,0.513916017807484
12,0.2,1.0,0.5110830816334956
12,0.2,1.25,0.5105919802240108
12,0.2,1.5,0.5105562916073184
12,0.2,1.75,0.5108397625416918
12,0.2,2.0,0.5113658782730894
12,0.2,2.5,0.5125837438019992
12,0.2,3.0,0.5141915748614824
12,0.25,1.0,0.5107952127748917
12,0.25,1.25,0.5104121416444952
12,0.25,1.5,0.5105738479738966
12,0.25,1.75,0.5108987161791257
12,0.25,2.0,0.5114735276520244
12,0.25,2.5,0.5129703585751775
12,0.25,3.0,0.5144403956468168
12,0.3,1.0,0.5104957407995354
12,0.3,1.25,0.5105054399148559
12,0.3,1.5,0.5106930670876377
12,0.3,1.75,0.5111166827880672
12,0.3,2.0,0.5116500954001253
12,0.3,2.5,0.513301451779816
12,0.3,3.0,0.5148769575416362
12,0.4,1.0,0.5107063366893552
12,0.4,1.25,0.510877750890966
12,0.4,1.5,0.5111307037590126
12,0.4,1.75,0.5117548684812505
12,0.4,2.0,0.5122448532217563
12,0.4,2.5,0.5139995860959768
12,0.4,3.0,0.5157646324205801
12,0.5,1.0,0.5111015027271246
12,0.5,1.25,0.5114313371449344
12,0.5,1.5,0.5119670053959373
12,0.5,1.75,0.5127292482241107
12,0.5,2.0,0.5133168865581826
12,0.5,2.5,0.5147013838650798
12,0.5,3.0,0.5163596911448031
13,0.1,1.0,0.5151358495469088
13,0.1,1.25,0.5137488076011782
13,0.1,1.5,0.5128026005512163
13,0.1,1.75,0.5122641614471338
13,0.1,2.0,0.5119502530089998
13,0.1,2.5,0.511962308450638
13,0.1,3.0,0.5126339382211319
13,0.15,1.0,0.514227943159332
13,0.15,1.25,0.5130547134467297
13,0.15,1.5,0.5122662714979449
13,0.15,1.75,0.5117954918932924
13,0.15,2.0,0.5117165931528189
13,0.15,2.5,0.5120503868393158
13,0.15,3.0,0.5127328522567461
13,0.2,1.0,0.5133707406432292
13,0.2,1.25,0.5125360229713295
13,0.2,1.5,0.5119230242791992
13,0.2,1.75,0.5116407883816679
13,0.2,2.0,0.5116755969592158
13,0.2,2.5,0.5118068029850246
13,0.2,3.0,0.5126617178451061
13,0.25,1.0,0.5125625331424639
13,0.25,1.25,0.512007922662436
13,0.25,1.5,0.5115881663141175
13,0.25,1.75,0.5113416645350466
13,0.25,2.0,0.5113968007471876
13,0.25,2.5,0.511947693730172
13,0.25,3.0,0.5129740987885
13,0.3,1.0,0.5122262634319694
13,0.3,1.25,0.5116538424968641
13,0.3,1.5,0.5112832900812598
13,0.3,1.75,0.5111867685949751
13,0.3,2.0,0.5114022622317189
13,0.3,2.5,0.5120830323078113
13,0.3,3.0,0.5131881427533141
13,0.4,1.0,0.5116246827920071
13,0.4,1.25,0.511551474448104
13,0.4,1.5,0.5113207769375727
13,0.4,1.75,0.5112419553485862
13,0.4,2.0,0.5116717104439849
13,0.4,2.5,0.5125612725532775
13,0.4,3.0,0.5137694487704432
13,0.5,1.0,0.5111631631383872
13,0.5,1.25,0.5111758108045719
13,0.5,1.5,0.5114459711187528
13,0.5,1.75,0.5117558293385247
13,0.5,2.0,0.5120752238201779
13,0.5,2.5,0.5130198513449422
13,0.5,3.0,0.5143631315914938
14,0.1,1.0,0.5203847602052563
14,0.1,1.25,0.5185627055447255
14,0.1,1.5,0.5172297921364236
14,0.1,1.75,0.5161876134967256
14,0.1,2.0,0.5155363760318614
14,0.1,2.5,0.5149115056530142
14,0.1,3.0,0.5148366746087433
14,0.15,1.0,0.5189411072092259
14,0.15,1.25,0.5173664812950053
14,0.15,1.5,0.5162897853572106
14,0.15,1.75,0.5155210985111116
14,0.15,2.0,0.5148928882741405
14,0.15,2.5,0.5142838568408847
14,0.15,3.0,0.514430719182391
14,0.2,1.0,0.5175881684062127
14,0.2,1.25,0.516360505279479
14,0.2,1.5,0.5153975395853622
14,0.2,1.75,0.5147002053068447
14,0.2,2.0,0.5143506583503628
14,0.2,2.5,0.5140030549165533
14,0.2,3.0,0.5142051675324684
14,0.25,1.0,0.5164488891810308
14,0.25,1.25,0.5155014901295859
14,0.25,1.5,0.5147801238431782
14,0.25,1.75,0.5142400178781411
14,0.25,2.0,0.5138369716400255
14,0.25,2.5,0.5136314902156729
14,0.25,3.0,0.514058647991434
14,0.3,1.0,0.5155347821303118
14,0.3,1.25,0.5148846833582108
14,0.3,1.5,0.5142175469654958
14,0.3,1.75,0.5137349802095609
14,0.3,2.0,0.5135223713383655
14,0.3,2.5,0.5135311465313266
14,0.3,3.0,0.5141073233298297
14,0.4,1.0,0.5137718004879879
14,0.4,1.25,0.5133395833990861
14,0.4,1.5,0.5131590204878135
14,0.4,1.75,0.5128673916339731
14,0.4,2.0,0.5127698860563117
14,0.4,2.5,0.5132835146267231
14,0.4,3.0,0.5141204881825707
14,0.5,1.0,0.5125563856130363
14,0.5,1.25,0.5125041730541932
14,0.5,1.5,0.5124288301447234
14,0.5,1.75,0.5125442552164146
14,0.5,2.0,0.5128093091663082
14,0.5,2.5,0.5134064119912474
14,0.5,3.0,0.5143779979773743
15,0.1,1.0,0.524833745108898
15,0.1,1.25,0.5229961186886195
15,0.1,1.5,0.5215119812549778
15,0.1,1.75,0.5204180448967296
15,0.1,2.0,0.5195790852935902
15,0.1,2.5,0.5186072710078483
15,0.1,3.0,0.5182935063697005
15,0.15,1.0,0.5231930890901262
15,0.15,1.25,0.5216176790665157
15,0.15,1.5,0.5202788280901612
15,0.15,1.75,0.5192680626705201
15,0.15,2.0,0.5186021210731968
15,0.15,2.5,0.5178858611980313
15,0.15,3.0,0.5175758456823347
15,0.2,1.0,0.5213817517055633
15,0.2,1.25,0.5201285149128888
15,0.2,1.5,0.5190285833610953
15,0.2,1.75,0.5182164778769233
15,0.2,2.0,0.5177492106421486
15,0.2,2.5,0.5170516342694745
15,0.2,3.0,0.5170155632806145
15,0.25,1.0,0.5200469632887667
15,0.25,1.25,0.5189120239809417
15,0.25,1.5,0.5179725489592926
15,0.25,1.75,0.5173416871838241
15,0.25,2.0,0.516963432796481
15,0.25,2.5,0.5165559837117795
15,0.25,3.0,0.5165368789249255
15,0.3,1.0,0.5190635770562827
15,0.3,1.25,0.5180531598500779
15,0.3,1.5,0.5172316324484134
15,0.3,1.75,0.5166308077443283
15,0.3,2.0,0.5162880327735297
15,0.3,2.5,0.5158937513234638
15,0.3,3.0,0.5159322319533715
15,0.4,1.0,0.5167240190465964
15,0.4,1.25,0.5159073110312764
15,0.4,1.5,0.5153401005645667
15,0.4,1.75,0.5147772133058774
15,0.4,2.0,0.5144553560758115
15,0.4,2.5,0.5147743318132216
15,0.4,3.0,0.51543310773684
15,0.5,1.0,0.5149065903029936
15,0.5,1.25,0.5145214485662948
15,0.5,1.5,0.514093872391009
15,0.5,1.75,0.5140945818673281
15,0.5,2.0,0.5141440678197841
15,0.5,2.5,0.5145423692839638
15,0.5,3.0,0.5151718095752343
16,0.1,1.0,0.530768623618306
16,0.1,1.25,0.5287211741328952
16,0.1,1.5,0.5270551851177318
16,0.1,1.75,0.525662673844266
16,0.1,2.0,0.5245998230098888
16,0.1,2.5,0.5231151050326014
16,0.1,3.0,0.5223222043109396
16,0.15,1.0,0.5284355703462357
16,0.15,1.25,0.5266375883555499
16,0.15,1.5,0.5251948155955244
16,0.15,1.75,0.5240724813148241
16,0.15,2.0,0.523208321306676
16,0.15,2.5,0.5219079863763586
16,0.15,3.0,0.5212137691594438
16,0.2,1.0,0.5262929637715167
16,0.2,1.25,0.5247363321044075
16,0.2,1.5,0.5235038845074836
16,0.2,1.75,0.5225167043980024
16,0.2,2.0,0.5217162624140551
16,0.2,2.5,0.5207406015124633
16,0.2,3.0,0.5203066163099598
16,0.25,1.0,0.5245317135111714
16,0.25,1.25,0.5232279227157216
16,0.25,1.5,0.5222083816208306
16,0.25,1.75,0.5214348607612574
16,0.25,2.0,0.5207835367211568
16,0.25,2.5,0.5199944273282806
16,0.25,3.0,0.5196712171858376
16,0.3,1.0,0.523102268701359
16,0.3,1.25,0.5219013730046435
16,0.3,1.5,0.5210331899181233
16,0.3,1.75,0.5202845908225756
16,0.3,2.0,0.519721765829863
16,0.3,2.5,0.5192180503862434
16,0.3,3.0,0.5188963016917094
16,0.4,1.0,0.5208694450800108
16,0.4,1.25,0.5200060775333614
16,0.4,1.5,0.5193506992797339
16,0.4,1.75,0.5186148374530314
16,0.4,2.0,0.5181114363842425
16,0.4,2.5,0.5177692762637434
16,0.4,3.0,0.518182847058173
16,0.5,1.0,0.5186979555510232
16,0.5,1.25,0.5180362273993421
16,0.5,1.5,0.5176817463498519
16,0.5,1.75,0.5173878876315869
16,0.5,2.0,0.516986517752459
16,0.5,2.5,0.5168528318770571
16,0.5,3.0,0.5177218964144288
17,0.1,1.0,0.533797482080848
17,0.1,1.25,0.5318813935487732
17,0.1,1.5,0.5302895198635376
17,0.1,1.75,0.5289603478609538
17,0.1,2.0,0.5278959238995191
17,0.1,2.5,0.5264205958040334
17,0.1,3.0,0.5256329357743655
17,0.15,1.0,0.5310250986385979
17,0.15,1.25,0.5293225213287106
17,0.15,1.5,0.5279644021126971
17,0.15,1.75,0.5268936119728629
17,0.15,2.0,0.5260581417770608
17,0.15,2.5,0.5249208945590429
17,0.15,3.0,0.5245368358154537
17,0.2,1.0,0.528480303634777
17,0.2,1.25,0.5270839316814276
17,0.2,1.5,0.5259562291859706
17,0.2,1.75,0.5251587347775858
17,0.2,2.0,0.5245481984247166
17,0.2,2.5,0.5238317885682267
17,0.2,3.0,0.5235460146297544
17,0.25,1.0,0.5265184211396311
17,0.25,1.25,0.5254267787250568
17,0.25,1.5,0.5245756891799861
17,0.25,1.75,0.5238755832142723
17,0.25,2.0,0.5233822787092761
17,0.25,2.5,0.5227810585604915
17,0.25,3.0,0.5226182471796975
17,0.3,1.0,0.5251463244476511
17,0.3,1.25,0.5242588373564137
17,0.3,1.5,0.5234346229503057
17,0.3,1.75,0.5227818223987566
17,0.3,2.0,0.5224403796149176
17,0.3,2.5,0.521958337017194
17,0.3,3.0,0.5217740416019203
17,0.4,1.0,0.5223932436896614
17,0.4,1.25,0.5216802517393522
17,0.4,1.5,0.5211863939927829
17,0.4,1.75,0.5209021546652016
17,0.4,2.0,0.5206985264611953
17,0.4,2.5,0.5203348874355518
17,0.4,3.0,0.5204585189342772
17,0.5,1.0,0.5207541107762702
17,0.5,1.25,0.5200695409770549
17,0.5,1.5,0.5196918015127813
17,0.5,1.75,0.5194626725521384
17,0.5,2.0,0.519100217304095
17,0.5,2.5,0.5189083332128184
17,0.5,3.0,0.5191223534890667
18,0.1,1.0,0.5403216844052171
18,0.1,1.25,0.5382923195236645
18,0.1,1.5,0.536566697359177
18,0.1,1.75,0.5350817223356278
18,0.1,2.0,0.5338477116543897
18,0.1,2.5,0.5319407526938501
18,0.1,3.0,0.5307375791763939
18,0.15,1.0,0.5370742339777033
18,0.15,1.25,0.5353263629799047
18,0.15,1.5,0.5338722261504433
18,0.15,1.75,0.5325986791902
18,0.15,2.0,0.5315362149989216
18,0.15,2.5,0.529880367344368
18,0.15,3.0,0.5289049823915629
18,0.2,1.0,0.5341552614044679
18,0.2,1.25,0.5326653899605924
18,0.2,1.5,0.5314538371658489
18,0.2,1.75,0.5304303713938171
18,0.2,2.0,0.5295828124558108
18,0.2,2.5,0.5283980376245374
18,0.2,3.0,0.5277783459088417
18,0.25,1.0,0.5316763724582235
18,0.25,1.25,0.530397567756976
18,0.25,1.5,0.5293350238854316
18,0.25,1.75,0.528568546640202
18,0.25,2.0,0.5278984486109279
18,0.25,2.5,0.5270814052799724
18,0.25,3.0,0.52661741708132
18,0.3,1.0,0.5293819176305721
18,0.3,1.25,0.528281243430182
18,0.3,1.5,0.5274124981918713
18,0.3,1.75,0.5267853794986188
18,0.3,2.0,0.5262578306101812
18,0.3,2.5,0.5257068923739028
18,0.3,3.0,0.525466444324884
18,0.4,1.0,0.5263448206147752
18,0.4,1.25,0.525676831281291
18,0.4,1.5,0.5250362454604096
18,0.4,1.75,0.5245198906149232
18,0.4,2.0,0.5241939663607798
18,0.4,2.5,0.5237970471396272
18,0.4,3.0,0.5235759706851836
18,0.5,1.0,0.5242522102739463
18,0.5,1.25,0.5235618039931481
18,0.5,1.5,0.523086209633889
18,0.5,1.75,0.5227264908018412
18,0.5,2.0,0.5222577620765521
18,0.5,2.5,0.5218317437703488
18,0.5,3.0,0.5217160036358544
19,0.1,1.0,0.5423456067144405
19,0.1,1.25,0.5405312297848461
19,0.1,1.5,0.5389905812579944
19,0.1,1.75,0.5376524784951746
19,0.1,2.0,0.5364886294313623
19,0.1,2.5,0.5347265043619122
19,0.1,3.0,0.5335847785552483
19,0.15,1.0,0.538714641544995
19,0.15,1.25,0.5371939402734409
19,0.15,1.5,0.5359077469482417
19,0.15,1.75,0.5347719895753456
19,0.15,2.0,0.533796725152603
19,0.15,2.5,0.5323964719607546
19,0.15,3.0,0.531593662047593
19,0.2,1.0,0.53570368495616
19,0.2,1.25,0.5343864262380715
19,0.2,1.5,0.5333415028443207
19,0.2,1.75,0.5324262930838493
19,0.2,2.0,0.5316540859500659
19,0.2,2.5,0.5305777412580437
19,0.2,3.0,0.5300826081870778
19,0.25,1.0,0.533003651814658
19,0.25,1.25,0.5319187441510933
19,0.25,1.5,0.5310611080511352
19,0.25,1.75,0.530354219925151
19,0.25,2.0,0.5298912539931099
19,0.25,2.5,0.5293219665075142
19,0.25,3.0,0.5290677707081228
19,0.3,1.0,0.5308333986808144
19,0.3,1.25,0.5299502267349576
19,0.3,1.5,0.5292590063253984
19,0.3,1.75,0.5287983119808763
19,0.3,2.0,0.5284288962275451
19,0.3,2.5,0.5280535086068852
19,0.3,3.0,0.5278096044768189
19,0.4,1.0,0.5269991567980338
19,0.4,1.25,0.5264203185606501
19,0.4,1.5,0.5260198346336011
19,0.4,1.75,0.5257326373527796
19,0.4,2.0,0.5255373533807652
19,0.4,2.5,0.5253191665936641
19,0.4,3.0,0.5254322111546801
19,0.5,1.0,0.5246672013066782
19,0.5,1.25,0.5243861065495976
19,0.5,1.5,0.5242639803211306
19,0.5,1.75,0.5240581188818672
19,0.5,2.0,0.5238623547139549
19,0.5,2.5,0.523788619619191
19,0.5,3.0,0.5240523810473643
20,0.1,1.0,0.5489551594510046
20,0.1,1.25,0.5470603306758249
20,0.1,1.5,0.5454121602882103
20,0.1,1.75,0.5439536578901949
20,0.1,2.0,0.5426738622952633
20,0.1,2.5,0.5406538980848103
20,0.1,3.0,0.5392134838100069
20,0.15,1.0,0.5447207490851209
20,0.15,1.25,0.5430769910176567
20,0.15,1.5,0.5416550709771828
20,0.15,1.75,0.5404306138211777
20,0.15,2.0,0.539410940995221
20,0.15,2.5,0.5378085871746278
20,0.15,3.0,0.5367572503742399
20,0.2,1.0,0.5411753470434483
20,0.2,1.25,0.5398171859454732
20,0.2,1.5,0.5386685242276307
20,0.2,1.75,0.5376768325519532
20,0.2,2.0,0.536823141530818
20,0.2,2.5,0.5355074413398975
20,0.2,3.0,0.5346768446357074
20,0.25,1.0,0.538153740158704
20,0.25,1.25,0.5370584041636425
20,0.25,1.5,0.5361208574191404
20,0.25,1.75,0.5352990972611269
20,0.25,2.0,0.5346436317424988
20,0.25,2.5,0.5336551376616347
20,0.25,3.0,0.5331402643627783
20,0.3,1.0,0.5354244535673156
20,0.3,1.25,0.5346164753632665
20,0.3,1.5,0.5338750123005298
20,0.3,1.75,0.5332752203351541
20,0.3,2.0,0.5328150514501169
20,0.3,2.5,0.5321413464796091
20,0.3,3.0,0.5318842444777256
20,0.4,1.0,0.5310130595396608
20,0.4,1.25,0.5304566293312825
20,0.4,1.5,0.5300195578165757
20,0.4,1.75,0.529669977141905
20,0.4,2.0,0.5294580797145177
20,0.4,2.5,0.5291500712384136
20,0.4,3.0,0.5290787054473662
20,0.5,1.0,0.5276820989162854
20,0.5,1.25,0.5274151624120446
20,0.5,1.5,0.5272352296964077
20,0.5,1.75,0.5271312753570073
20,0.5,2.0,0.5270809935553764
20,0.5,2.5,0.527057940337045
20,0.5,3.0,0.5272644405317296
